{"cameraMode":{"drawMode":0,"name":"Shaded","section":"Shading Mode"},"sceneLighting":false,"audioPlay":false,"sceneViewState":{"m_AlwaysRefresh":false,"showFog":true,"showSkybox":false,"showFlares":true,"showImageEffects":true,"showParticleSystems":true,"showVisualEffectGraphs":true,"m_FxEnabled":true},"in2DMode":false,"pivot":{"x":2.190000057220459,"y":3.996999979019165,"z":0.3700000047683716},"rotation":{"x":-0.010130254551768303,"y":-0.740354061126709,"z":-0.01132295373827219,"w":0.6725080609321594},"size":0.48776203393936159,"orthographic":false}