{"cameraMode":{"drawMode":0,"name":"Shaded","section":"Shading Mode"},"sceneLighting":true,"audioPlay":false,"sceneViewState":{"m_AlwaysRefresh":false,"showFog":true,"showSkybox":true,"showFlares":true,"showImageEffects":true,"showParticleSystems":true,"showVisualEffectGraphs":true,"m_FxEnabled":true},"in2DMode":false,"pivot":{"x":-83.4662857055664,"y":-10.552389144897461,"z":56.097381591796878},"rotation":{"x":-0.12947064638137818,"y":-0.09401116520166397,"z":0.011657976545393467,"w":-0.9874336123466492},"size":15.88713550567627,"orthographic":false}