{"cameraMode":{"drawMode":0,"name":"Shaded","section":"Shading Mode"},"sceneLighting":true,"audioPlay":false,"sceneViewState":{"m_AlwaysRefresh":false,"showFog":true,"showSkybox":true,"showFlares":true,"showImageEffects":true,"showParticleSystems":true,"showVisualEffectGraphs":true,"m_FxEnabled":true},"in2DMode":false,"pivot":{"x":-83.44001770019531,"y":-3.4392478466033937,"z":28.14685821533203},"rotation":{"x":0.1397610604763031,"y":-0.16785718500614167,"z":0.024449948221445085,"w":0.9759230017662048},"size":1.7530741691589356,"orthographic":false}