{"cameraMode":{"drawMode":0,"name":"Shaded","section":"Shading Mode"},"sceneLighting":true,"audioPlay":false,"sceneViewState":{"m_AlwaysRefresh":false,"showFog":true,"showSkybox":true,"showFlares":true,"showImageEffects":true,"showParticleSystems":true,"showVisualEffectGraphs":true,"m_FxEnabled":true},"in2DMode":false,"pivot":{"x":2140.409423828125,"y":598.5613403320313,"z":335.0523681640625},"rotation":{"x":0.033587224781513217,"y":0.11457448452711106,"z":-0.00840117409825325,"w":0.9935479760169983},"size":587.0045166015625,"orthographic":false}