{"cameraMode":{"drawMode":0,"name":"Shaded","section":"Shading Mode"},"sceneLighting":true,"audioPlay":false,"sceneViewState":{"m_AlwaysRefresh":false,"showFog":true,"showSkybox":true,"showFlares":true,"showImageEffects":true,"showParticleSystems":true,"showVisualEffectGraphs":true,"m_FxEnabled":true},"in2DMode":false,"pivot":{"x":9.630667686462403,"y":-0.979494571685791,"z":26.582950592041017},"rotation":{"x":0.052635349333286288,"y":0.07513503730297089,"z":-0.003972838632762432,"w":0.9957676529884338},"size":29.230497360229493,"orthographic":false}