{"cameraMode":{"drawMode":0,"name":"Shaded","section":"Shading Mode"},"sceneLighting":true,"audioPlay":false,"sceneViewState":{"m_AlwaysRefresh":false,"showFog":true,"showSkybox":true,"showFlares":true,"showImageEffects":true,"showParticleSystems":true,"showVisualEffectGraphs":true,"m_FxEnabled":true},"in2DMode":false,"pivot":{"x":1954.1683349609375,"y":1679.7391357421875,"z":-110.60387420654297},"rotation":{"x":0.025680305436253549,"y":-0.02469298057258129,"z":-0.0009132932755164802,"w":-0.9997127056121826},"size":766.7130737304688,"orthographic":false}