{"cameraMode":{"drawMode":0,"name":"Shaded","section":"Shading Mode"},"sceneLighting":true,"audioPlay":false,"sceneViewState":{"m_AlwaysRefresh":false,"showFog":true,"showSkybox":true,"showFlares":true,"showImageEffects":true,"showParticleSystems":true,"showVisualEffectGraphs":true,"m_FxEnabled":true},"in2DMode":false,"pivot":{"x":-158.42727661132813,"y":51.54351806640625,"z":277.4965515136719},"rotation":{"x":0.08083042502403259,"y":-0.24665428698062898,"z":0.015997709706425668,"w":0.9663507342338562},"size":85.96656799316406,"orthographic":false}