{"cameraMode":{"drawMode":0,"name":"Shaded","section":"Shading Mode"},"sceneLighting":true,"audioPlay":false,"sceneViewState":{"m_AlwaysRefresh":false,"showFog":true,"showSkybox":true,"showFlares":true,"showImageEffects":true,"showParticleSystems":true,"showVisualEffectGraphs":true,"m_FxEnabled":true},"in2DMode":false,"pivot":{"x":-102.88580322265625,"y":47.713871002197269,"z":151.3126983642578},"rotation":{"x":-0.13143612444400788,"y":-0.22650057077407838,"z":0.03512861952185631,"w":-0.9652220606803894},"size":13.561988830566407,"orthographic":false}