{"cameraMode":{"drawMode":0,"name":"Shaded","section":"Shading Mode"},"sceneLighting":false,"audioPlay":false,"sceneViewState":{"m_AlwaysRefresh":false,"showFog":true,"showSkybox":false,"showFlares":true,"showImageEffects":true,"showParticleSystems":true,"showVisualEffectGraphs":true,"m_FxEnabled":true},"in2DMode":false,"pivot":{"x":1.4600000381469727,"y":2.440000057220459,"z":2.3199996948242189},"rotation":{"x":0.1081768274307251,"y":-0.09174686670303345,"z":0.009921795688569546,"w":0.9901551008224487},"size":2.955744743347168,"orthographic":false}